"wp_product_id","description"
"81990","*la acces se prezinta carnet elev-student-cupon pensie"
"329969","reducere primele bilete"
"433809","reducere primele bilete"
"456932","reducere primele bilete"
"460845","biletul NU asigura loc la masa"
"472423","*la acces se prezinta carnet elev-student-cupon pensie"
"473113","(scaun în fața scenei)"
"476292","reducere primele bilete"
"478824","reducere primele bilete"
"478825","reducere pana pe 25 octombrie 2024"
"484808","reducere pana pe 23 octombrie 2024"
"495685","*la acces se prezinta carnet elev-student"
"502137","50 bilete. Se prezintă actul doveditor la acces"
"514614","reducere pana pe 25 octombrie 2024"
"514645","reducere pana pe 24 octombrie 2024"
"515287","reducere primele bilete"
"515309","reducere primele bilete"
"515315","reducere primele bilete"
"515316","reducere pana pe 24 octombrie 2024"
"515318","reducere pana pe 01 noiembrie 2024"
"515319","reducere primele bilete"
"515489","reducere pana pe 18 octombrie 2024"
"517850","reducere pana pe 20 octombrie 2024"
"520538","reducere primele bilete"
"520546","reducere primele bilete"
"522491","reducere pana pe 06 noiembrie 2024"
"522813","reducere primele bilete"
"525650","reducere primele bilete"
"525651","reducere pana pe 23 octombrie 2024"
"526356","stoc 1 bucata"
"527714","reducere pt primele bilete"
"527747","*la acces se prezinta carnet elev/student/cuponul pensie"
"527793","reducere pana pe 24 octombrie 2024"
"528125","reducere pana pe 7 noiembrie 2024"
"528130","reducere pana pe 5 decembrie 2024"
"528135","reducere pana pe 06 noiembrie 2024"
"528171","reducere pana pe 14 noiembrie 2024"
"528192","reducere pana pe 18 octombrie 2024"
"528731","reducere pana la data data de 17 octombrie 2024"
"528974","reducere pana pe 12 decembrie 2024"
"529459","reducere primele bilete"
"529505","reducere pana pe 7 noiembrie 2024"
"529632","reducere pana pe 17 octombrie 2024"
"529704","reducere primele bilete"
"529974","reducere primele bilete"
"529988","reducere primele bilete"
"529990","reducere pana pe 24 noiembrie 2024"
"530158","*la acces se prezinta carnet elev/student/cuponul pensie"
"530164","*la acces se prezinta carnet elev/student/cupon pensie"
"530574","reducere pana pe 13 decembrie 2024"
"530732","reducere pana pe 7 noiembrie 2024"
"531212","reducere primele bilete"
"531215","reducere pana pe 11 decembrie 2024"
"531272","reducere pana pe 31 octombrie 2024"
"531284","reducere primele bilete"
"531525","reducere pana pe 8 noiembrie 2024"
"532705","reducere primele bilete"
"532711","reducere pana pe 14 noiembrie 2024"
"532850","reducere pana pe 01 noiembrie 2024"
"532871","reducere pana pe 15 noiembrie 2024"
"533002","adauga in cos 10 bucati"
"533467","reducere primele bilete"
"533747","reducere primele bilete"
"533755","reducere pana pe 8 noiembrie 2024"
"533964","reducere pana pe 30 octombrie 2024"
"534072","reducere pana pe 26 octombrie 2024"
"534172","*la acces se prezinta carnet elev-student-cupon pensie"
"534297","reducere pana pe 22 octombrie 2024"
"534990","adauga in cos 10 bucati"
"535279","reducere pana pe 01 noiembrie 2024"
"535304","reducere primele bilete"
"535305","reducere pana pe 14 noiembrie 2024"
"535820","reducere pana pe 30 noiembrie 2024"
"535915","reducere primele bilete"
"536010","reducere pana pe 17 octombrie 2024"
"536568","reducere pana pe 7 noiembrie 2024"
"536592","reducere pana pe 23 octombrie 2024"
"536817","reducere pana pe 21 octombrie 2024"
"537157","reducere primele bilete"
"537533","reducere pana pe 15 noiembrie 2024"
"537606","reducere primele bilete"
"537609","reducere pana pe 21 noiembrie 2024"
"537690","reducere pana pe 13 noiembrie 2024"
"538586","For our students’ guests: parents, grandparents, siblings, neighbors, friends./Pentru părinții, familia și invitații elevilor noștri"
"538715","reducere pana pe 3 noiembrie 2024"
"538716","reducere pana pe 3 noiembrie 2024"
"538717","reducere pana pe 3 noiembrie 2024"
"539995","reducere pana pe 4 noiembrie 2024"
"539996","reducere pana pe 4 noiembrie 2024"
"540036","reducere pana pe 31 octombrie"
"540116","reducere pana pe 1 noiembrie"
"540122","reducere pana pe 7 noiembrie"
"540352","reducere pentru primele bilete"
"540355","reducere pana pe 17 noiembrie 2024"
"540356","reducere pana pe 17 noiembrie 2024"
"540357","reducere pana pe 17 noiembrie 2024"
"540383","reducere pana in data de 6 Noiembrie 2024 "
"540384","reducere pana in data de 6 Noiembrie 2024 "
"540385","reducere pana in data de 6 Noiembrie 2024"
"544269","reducere primele bilete"
"544274","reducere pana pe data de 12 aprilie"
"544282","reducere primele bilete"
"544283","reducere pana pe  data de 15 aprilie"
"544285","reducere primele bilete"
"544286","reducere pana pe data de 16 aprilie"
"544717","*la acces se prezinta carnet elev-student-cupon pensie"
"545054","accesul se face o singura data pt cele 2 persoane elevi/studenti"
"545076","accesul se face o singura data pt 2 persoane elevi/studenti"
"545102","accesul se face o singura data pt 2 persoane elevi/studenti"
"545677","reducere primele bilete"
"545678","reducere pana pe 12 decembrie"
"545878","reducere primele bilete"
"545907","reducere primele bilete"
"545942","reducere pana pe 5 decembrie"
"546581","reducere pana la data de 28 octombrie"
"548266","reducere pana in data de 13 Noiembrie 2024 "
"548270","reducere pana in data de 13 Noiembrie 2024"
"548274","reducere pana in data de 13 Noiembrie 2024 "
"548544","*la acces se prezinta carnet elev/student/cuponul pensie"
"548546","reducere pana pe 8 decembrie 2024"
"549044","reducere pana pe 13 noiembrie 2024"
"549045","*la acces se prezinta carnet elev/student"
"549050","reducere primele bilete"
"549052","*la acces se prezinta carnet elev/student"
"549053","reducere primele bilete"
"549055","*la acces se prezinta carnet elev/student"
"549501","NU asigura loc la masa"
"550443","accesul se face o singura data pt 2 persoane elevi/studenti"
"550755","reducere primele bilete"
"550760","Locuri in picioare"
"551021","reducere primele bilete"
"551024","reducere pana pe data de 5 decembrie"
"551097","reducere primele bilete"
"551348","reducere primele bilete"
"551349","reducere pana pe data de 23.01.25"
"551503","reducere primele bilete"
"551505","reducere urmatoarele"
"551506","bilet fara loc la masa"
"551508","Reducere primele 100 bilete"
"551531","pret in ziua evenimentului"
"551545","reducere urmatoarele"
"551546","pret valabil pana pe 13 decembrie"
"551606","reducere primele bilete"
"551976","reducere pana pe 15 noiembrie 2024"
"551977","reducere pana pe 15 noiembrie 2024"
"551981","reducere pana pe 15 noiembrie 2024"
"552201","reducere primele bilete"
"552227","Reducere primele 100 bilete"
"552233","50 bilete. Se prezintă actul doveditor la acces"
"554644","reducere pana pe 11 februarie"
"554667","acest bilet nu garanteaza loc pe scaun"
"554690","Se prezintă actul doveditor la acces"
"554693","Se prezintă actul doveditor la acces"
"554722","Reducere primele 100 bilete"
"554731","50 bilete. Se prezintă actul doveditor la acces"
"555045","reducere pana pe 8 ianuarie"
"555046","reducere pana pe 8 ianuarie"
"555048","reducere pana pe 8 ianuarie"
"555524","reducere primele bilete"
"557563","reducere pana pe 01 decembrie"
"558010","reducere primele bilete"
"558271","reducere primele bilete"
"558279","reducere pana pe 01 decembrie"
"558318","reducere primele bilete"
"558320","Oferta: adauga in cos multiplu de 2 bucati"
"558416","reducere primele bilete"
"558422","reducere pana pe 17 decembrie"
"558496","adauga in cos multiplu de 2 bucati"
"558498","reducere primele bilete"
"558885","Accesul celor 2 persoane se face in acelasi timp"
"558893","Accesul celor 2 persoane se face in acelasi timp"
"559361","Accesul celor 2 persoane se face in acelasi timp"
"559378","la acces se prezinta carnet elev/student"
"559390","Accesul celor 2 persoane se face in acelasi timp"
"559592","la acces se prezinta carnet elev/student"
"559610","reducere pana pe 20 decembrie"
"560506","reducere primele bilete"
"560554","reducere primele bilete"
"560556","reducere pana pe 29 ianuarie"
"560806","acest bilet Nu garanteaza loc pe scaun"
"561284","reducere primele bilete"
"561422","Oferta 1+1 FREE: adauga in cos multiplu de 2"
"561437","reducere primele bilete"
"561524","reducere primele bilete"
"561571","reducere pana pe data de 7 ianuarie"
"561644","reducere primele bilete"
"561646","*la acces se prezinta carnet elev/student"
"561995","reducere primele bilete"
"561996","reducere pana pe 30 ianuarie"
"562430","reducere primele bilete"
"563275","reducere primele bilete"
"563276","reducere pana pe 10 ianuarie"
"563857","reducere pana 5 decembrie"
"563872","reducere pana pe 10 decembrie"
"563876","reducere pana pe 10 decembrie"
"564179","reducere primele bilete"
"564639","reducere primele abonamente"
"564686","Reducere primele bilete fără loc la masă"
"564687","Fără loc la masă"
"564825","reducere primele bilete"
"564827","reducere primele bilete"
"564831","adauga in cos 10 bucati"
"564879","Reducere primele bilete"
"564880","Reducere pana pe 06.02.2025"
"564936","Reducere primele bilete"
"564937","Reducere pana pe 07.02.2025"
"565296","Reducere primele bilete"
"565297","Reducere pana pe 20.02.2025"
"565446","reducere primele bilete"
"566205","reducere primele bilete"
"566226","reducere primele bilete"
"566260","reducere primele bilete"
"566797","oferta iernii, reducere pana in 11 ianuarie"
"566847","reducere primele bilete"
"567517","reducere pana pe 10.01.2025"
"567519","reducere pana pe 10.01.2025"
"567520","reducere pana pe 10.01.2025"
"567600","reducere pana pe 31 decembrie"
"567708","in limita locurilor disponibile"
"567747","reducere pana in 15 ianuarie"
"568386","Reducere pentru primele abonamente"
"568395","Reducere abonamente pentru varsta 12-18 ani"
"568407","Reducere abonamente pentru varsta 18-21 ani"
"568768","reducere primele bilete"
"568775","reducere primele bilete"
"568992","reducere primele bilete"
"568993","reducere primele bilete"
"569251","reducere primele bilete"
"569255","reducere pana pe 15.02.2025"
"569257","reducere primele bilete"
"569264","reducere pana pe 15.02.2025"
"569265","*la acces se prezinta carnet elev/student"
"569274","adauga in cos 10 bucati"
"569413","reducere primele bilete"
"569627","reducere primele bilete"
"569694","reducere primele bilete"
"569697","reducere pana pe 03.01.2025"
"570196","reducere pana pe 10 ianuarie"
"570223","reducere pana pe 01.02.2025"
"570228","reducere pana pe 01.02.2025"
"570229","reducere pana pe 01.02.2025"
"570233","reducere pana pe 01.02.2025"
"571124","reducere pana pe 17 ianuarie"
"571287","in limita locurilor disponibile"
"571335","reducere primele bilete"
"571337","reducere primele bilete"
"571369","reducere pana pe 07.03.2025"
"571392","reducere pana pe 06.03.2025"
"571456","reducere primele bilete"
"571460","reducere primele bilete"
"572429","reducere primele bilete"
"572985","4 bilete la pret de 3"
"573083","reducere primele bilete"
"573258","Se prezintă actul doveditor la acces"
"573266","*la acces se prezinta carnet elev-student-cupon pensie"
"573285","*la acces se prezinta carnet elev-student-cupon pensie"
"573363","Se prezintă actul doveditor la acces"
"573434","*la acces se prezinta carnet elev-student-cupon pensie"
"573686","adauga in cos 4 bucati"
"573687","adauga in cos 6 bucati"
"573688","adauga in cos 4 bucati"
"573689","adauga in cos 5 bucati"
"573691","adauga in cos 6 bucati"
"574081","reducere primele bilete"
"574789","reducere primele bilete"
"574790","reducere pana pe 06.02.2025"
"576085","reducere primele bilete"
"576121","reducere primele bilete"
"576148","reducere pana pe 24 ianuarie"
"576186","reducere primele bilete"
"576331","*la acces se prezinta carnet elev/student"
"576337","reducere primele bilete"
"576338","reducere pana pe 20.03.2025"
"576395","*la acces se prezinta carnet elev/student"
"576396","reducere primele bilete"
"576397","reducere pana pe 21.03.2025"
"576421","*la acces se prezinta carnet elev/student"
"576422","reducere primele bilete"
"576423","reducere pana pe 27.03.2025"
"576425","*la acces se prezinta carnet elev/student"
"576429","reducere primele bilete"
"576430","reducere pana pe 28.03.2025"
"576447","reducere primele bilete"
"576471","reducere pana pe 31.01 in limita stocului"
"576502","*la acces se prezinta carnet elev/student"
"576503","reducere primele bilete"
"576507","reducere pana pe 09.04.2025"
"576509","*la acces se prezinta carnet elev/student"
"576510","reducere primele bilete"
"576516","reducere pana pe 10.04.2025"
"576518","*la acces se prezinta carnet elev/student"
"576525","reducere primele bilete"
"576526","reducere pana pe 11.04.2025"
"576528","*la acces se prezinta carnet elev/student"
"576529","reducere primele bilete"
"576530","reducere pana pe 07.03.25"
"576714","reducere pana pe 01.02.2025"
"577192","reducere primele bilete"
"577524","adauga in cos 10 bucati"
"577558","Se prezintă actul doveditor la acces"
"577605","reducere primele bilete"
"577659","reducere primele bilete"
"577687","reducere primele bilete"
"578482","reducere primele bilete"
"579103","Reducere primele bilete"
"579104","Reducere pana pe 07.06.2025"
"579120","Reducere primele bilete"
"579124","Reducere pana pe 06.06.2025"
"579512","Reducere primele bilete"
"579513","Reducere pana pe 17.04.2025"
"579520","Reducere primele bilete"
"579527","Reducere pana pe 25.04.2025"
"579803","reducere pana pe 20.02.2025"
"579806","reducere pana pe 20.02.2025"
"579821","reducere pana pe 20.02.2025"
"579867","Accesul celor 2 persoane se face in acelasi timp"
"579871","Accesul celor 2 persoane se face in acelasi timp"
"579883","Accesul celor 2 persoane se face in acelasi timp"
"579890","Accesul celor 2 persoane se face in acelasi timp"
"579905","Accesul celor 2 persoane se face in acelasi timp"
"580937","reducere primele bilete"
"580996","reducere primele bilete"
"581290","reducere primele bilete"
"581520","reducere primele bilete"
"581898","reducere primele bilete"
"582136","Oferta 1+1 FREE: adauga in cos multiplu de 2"
"582176","Oferta 1+1 FREE: adauga in cos multiplu de 2"
"582602","reducere primele bilete"
"584139","reducere primele bilete"
"584169","reducere pana in 1 martie"
"584182","reducere primele bilete"
"584183","reducere pana pe 13.03.2025"
"584252","reducere primele bilete"
"584254","reducere pana pe 20.02.2025"
"584464","reducere primele bilete"
"584726","reducere primele bilete"
"584727","reducere primele bilete"
"584728","reducere primele bilete"
"584867","Se prezintă actul doveditor la acces"
"585003","reducere primele bilete"
"585007","reducere pana pe 13.02.2025"
"585153","reducere primele bilete"
"585181","reducere primele bilete"
"585851","reducere primele bilete"
"585856","reducere primele bilete"
"586139","reducere primele bilete"
"586535","reducere primele bilete"
"586930","adauga in cos 10 bucati"
"587233","reducere pana pe 24 martie"
"587242","reducere pana pe 24 martie"
"587246","reducere pana pe 24 martie"
"587249","reducere pana pe 24 martie"
"587265","reducere pana pe 24 martie"
"587267","reducere pana pe 24 martie"
"587268","reducere pana pe 24 martie"
"587279","reducere pana pe 24 martie"
"587280","reducere pana pe 24 martie"
"587281","reducere pana pe 24 martie"
"587505","reducere pana pe 17.04"
"587831","reducere pana pe 10 martie"
"587832","reducere pana pe 10 martie"
"587833","reducere pana pe 10 martie"
"588247","reducere pana pe 10 martie"
"588251","reducere pana pe 10 martie"
"588252","reducere pana pe 10 martie"
"588506","reducere pana pe 10 martie"
"588507","reducere pana pe 10 martie"
"588526","Reducere primele bilete"
"588533","Reducere pana pe 24.04.2025"
"588841","reducere primele bilete"
"589123","reducere pana pe 21.03.2025"
"589146","Bilet (doar pentru bărbați)"
"589561","acest bilet nu garantează loc la masă"
"589592","1 sticlă alcool- consumație minimă obligatorie"
"589727","nu asigura loc"
"590018","reducere primele bilete"
"590037","Reducere primele bilete"
"590038","Reducere pana pe 26.04.2025"
"590053","Reducere primele bilete"
"591027","reducere primele bilete"
"591028","reducere pana pe 29.04.2025"
"592119","Se prezintă actul doveditor la acces"
"592517","reducere pana pe 20.03.2025"
"592963","reducere primele bilete"
"593022","reducere primele bilete"
"593389","reducere primele bilete"
"593391","reducere primele bilete (valabil 2 zile la alegere)"
"593401","reducere primele bilete (valabil 3 zile la alegere)"
"593402","reducere primele abonamente"
"593642","Se prezintă actul doveditor la acces"
"593643","Se prezintă actul doveditor la acces"
"593644","Se prezintă actul doveditor la acces"
"593680","Se prezintă actul doveditor la acces"
"594232","reducere primele bilete"
"594270","adauga in cos 10 bucati"
"594279","reducere primele bilete"
"594469","reducere pana pe 18.03.2025"
"594471","*la acces se prezinta carnet elev/student"
"594570","reducere primele bilete"
"594884","reducere pana pe 05.04.2025"
"594885","reducere pana pe 11 mai"
"594943","reducere primele bilete"
"594956","reducere primele bilete"
"595159","Se prezintă actul doveditor la acces"
"595184","Se prezintă actul doveditor la acces"
"595282","Se prezintă actul doveditor la acces"
"595302","reducere primele bilete"
"595339","se cumpara pachetul de 10 locuri"
"595546","minim 4 bucati la achizitie"
"595547","reducere primele bilete"
"595751","reducere primele bilete"
"595756","reducere primele bilete"
"595944","reducere primele bilete"
"596217","reducere primele bilete"
"596218","reducere pana pe 24.04.2025"
"596292","reducere primele bilete"
"596301","Se prezintă actul doveditor la acces"
"597587","reducere primele bilete"
"599129","biletele de camping sunt valabile doar însoţite de un bilet valid de acces în festival"
"599131","biletele de camping sunt valabile doar însoţite de un bilet valid de acces în festival"
"599143","biletele de camping sunt valabile doar însoţite de un bilet valid de acces în festival"
"599149","biletele de camping sunt valabile doar însoţite de un bilet valid de acces în festival"
"599152","biletele de camping sunt valabile doar însoţite de un bilet valid de acces în festival"
"599160","biletele de camping sunt valabile doar însoţite de un bilet valid de acces în festival"
"599172","camping valabil doar însoţit de bilet valid de acces"
"599176","biletele de camping sunt valabile doar însoţite de un bilet valid de acces în festival"
"599183","parcare asigurata pe toată durata festivalului"
"599187","Parcare asigurată pe toată durata festivalului"
"599241","reducere primele abonamente"
"599745","reducere primele bilete"
"599754","reducere pana pe 10.04.2025"
"599782","reducere pana pe 31 martie"
"599954","reducere primele bilete"
"600036","nu uita sa-ti alegi aici marimea tricoului"
"600113","reducere pana pe 25.02.2025"
"600170","reducere primele bilete"
"600933","*la acces se prezinta carnet elev/student"
"601406","primele bilete pana pe 01 martie"
"601407","reducere pana pe 28.03.2025"
"603780","reducere pana pe 21.08.2025"
"603802","reducere pana pe 21.08.2025"
"604341","reducere pana pe 21.04.2025"
"604342","reducere pana pe 21.04.2025"
"604344","reducere pana pe 21.04.2025"
"604388","reducere pana pe 21.04.2025"
"604401","reducere pana pe 21.04.2025"
"604402","reducere pana pe 21.04.2025"
"604443","reducere pana pe 21.04.2025"
"604446","reducere pana pe 21.04.2025"
"604447","reducere pana pe 21.04.2025"
"604549","Bilet (doar pentru bărbați)"
"604722","reducere primele bilete"
"605027","reducere primele bilete"
"605043","reducere primele bilete"
"605044","reducere primele bilete"
"605321","Se prezintă actul doveditor la acces"
"605409","reducere pana in 31 martie"
"605434","reducere primele bilete"
"606563","reducere primele bilete"
"606568","reducere pana pe 26.04.25"
"607463","reducere primele bilete"
"607467","reducere pana pe 05.03.25"
"607786","reducere primele bilete"
"608394","Se prezintă actul doveditor la acces"
"608416","Se prezintă actul doveditor la acces"
"608720","reducere primele bilete"
"608722","reducere până în 03.04.2025"
"608731","reducere până în 03.04.2025"
"608733","Se prezintă actul doveditor la acces"
"609136","reducere primele bilete"
"609139","Se prezintă actul doveditor la acces"
"609663","Se prezintă actul doveditor la acces"
"609690","reducere pana pe 01.05.2025"
"609701","reducere pana pe 25.05.2025"
"609798","reducere primele bilete"
"609862","reducere pana pe 21.04.2025"
"609863","reducere pana pe 21.04.2025"
"609864","reducere pana pe 21.04.2025"
"609871","reducere pana pe 21.04.2025"
"609953","reducere primele bilete"
"609964","*la acces se prezinta carnet elev/student"
"610571","reducere primele bilete"
"611754","reducere primele bilete"
"611832","reducere primele bilete"
"611849","reducere primele bilete"
"611854","reducere"
"612069","reducere primele bilete"
"612359","reducere primele bilete"
"612780","reducere primele bilete"
"612928","reducere primele bilete"
"612939","reducere pana pe 11 mai"
"613077","nu uita sa-ti alegi aici marimea tricoului"
"613078","nu uita sa-ti alegi aici marimea tricoului"
"613079","nu uita sa-ti alegi aici marimea tricoului"
"613082","nu uita sa-ti alegi aici marimea tricoului"
"613104","nu uita sa-ti alegi aici marimea tricoului"
"613121","reducere primele bilete"
"613291","reducere primele bilete"
"613458","reducere primele bilete"
"613783","reducere primele bilete"
"613824","reducere pana pe 20.04.25"
"613825","reducere pana pe 20.04.25"
"615636","reducere pana pe 30 martie"
"615720","reducere primele bilete"
"615776","Acces loc la masa"
"615822","Acces loc la masa"
"615823","Acces loc la masa"
"615849","*la acces se prezinta carnet elev/student"
"615979","*la acces se prezinta carnet elev/student"
"616097","reducere primele bilete"
"616154","Reducere pentru primele abonamente"
"616155","Reducere pentru primele abonamente"
"616220","Se prezintă actul doveditor la acces"
"616518","Primele 50 bilete"
"616519","Reducere pana pe 31.10.25"
"616576","reducere primele bilete"
"616626","reducere primele bilete"
"617275","Disponibile 50 bilete"
"617483","reducere primele bilete"
"617495","reducere primele bilete"
"617940","Reducere abonamente pentru varsta 12-18 ani"
"617960","Reducere abonamente pentru varsta 18-21 ani"
"618866","*la acces se prezinta carnet elev/student"
"618867","*la acces se prezinta carnet elev/student"
"619813","reducere primele bilete"
"621795","La acces se prezinta actul doveditor"
"622610","reducere pana pe 24 martie"
"622683","reducere primele bilete"
"622690","*la acces se prezinta carnet elev/student"
"622865","reducere primele bilete"
"623517","reducere primele bilete"
"623581","reducere primele bilete"
"623690","Oferta 1+1 FREE: adauga in cos multiplu de 2"
"623962","reducere primele bilete"
"624409","reducere primele bilete"
"624500","reducere primele bilete"
"625912","reducere primele bucati"
"625944","reducere până pe 24 aprilie"
"625963","reducere primele bucati"
"625969","reducere până pe 24 aprilie"
"626000","reducere până pe 25 aprilie"
"626454","reducere primele bilete"
"627425","reducere primele bilete"
"627633","Se prezintă actul doveditor la acces"
"627661","Se prezintă actul doveditor la acces"
"627672","Se prezintă actul doveditor la acces"
"627889","reducere pana in 23 mai"
"628293","reducere primele bilete"
"628334","reducere primele bilete"
"629617","reducere primele bilete"
"629788","reducere primele bilete"
"629802","reducere pana pe 18.05.25"
"629948","reducere pana pe 21.04.2025"
"629950","reducere pana pe 21.04.2025"
"629953","reducere pana pe 21.04.2025"
"630249","pret unic"
"630665","reducere primele bilete"
"630705","reducere primele bilete"
"630759","reducere primele bilete"
"631015","reducere primele bilete"
"631025","reducere primele bilete"
"631787","reducere primele bilete"
"632953","*la acces se prezinta carnet elev/student"
"633434","reducere pana pe 14.05.25"
"633445","reducere pana pe 14.05.25"
"633446","reducere pana pe 14.05.25"
"633956","reducere primele bilete"
"633961","*La acces se prezinta carnetul de elev/student"
"634271","Accesul celor 2 persoane se face in acelasi timp"
"635127","*La acces se prezinta carnetul de elev/student"
"635536","*La acces se prezinta carnetul de elev/student"
"635541","*La acces se prezinta carnetul de elev/student"
"635548","*La acces se prezinta carnetul de elev/student"
"635558","*La acces se prezinta carnetul de elev/student"
"635631","reducere primele abonamente"
"635872","un loc zona A la canapele"
"635965","reducere pana pe 01.06.2025"
"637246","reducere primele bucati"
"637254","reducere primele bilete.La acces se prezinta carnet student/elev"
"637255","reducere până pe 9 mai 2025"
"637258","reducere pana pe 19 decembrie"
"638986","Biletul de zi nu are drept de participare la tombola"
"639378","reducere pana pe 30.08.2025"
"639386","reducere pana pe 30.08.2025"
"639388","reducere pana pe 30.08.2025"
"639390","reducere pana pe 30.08.2025"
"639412","reducere pana pe 23.05.25"
"639413","reducere pana pe 23.05.25"
"639414","reducere pana pe 23.05.25"
"639821","susținerea actului artistic"
"639822","susținerea actului artistic"
"639824","susținerea actului artistic"
"639859","bilet fără loc"
"639867","susținerea actului artistic"
"639868","susținerea actului artistic"
"639869","susținerea actului artistic"
"639872","susținerea actului artistic"
"639873","susținerea actului artistic"
"639874","susținerea actului artistic"
"640171","reducere pana pe 25.08.2025"
"640172","reducere pana pe 25.08.2025"
"640173","reducere pana pe 25.08.2025"
"640229","reducere pana pe 11.10.2025"
"640242","reducere pana pe 11.10.2025"
"640246","reducere pana pe 11.10.2025"
"641049","la acces se prezinta act doveditor"
"641399","reducere pana pe 04.05.25"
"641400","reducere"
"642184","reducere primele abonamente"
"642619","reducere primele bilete"
"642627","reducere primele bilete"
"642633","reducere pana pe 17.07"
"642709","reducere primele bilete"
"642782","reducere primele bilete"
"642784","reducere primele bilete"
"642785","reducere primele bilete"
"643001","reducere pana pe 31.05.25"
"643034","reducere pana pe 05.06.25"
"643303","reducere primele bilete"
"643362","reducere primele bilete"
"643803","susținerea actului artistic"
"643804","susținerea actului artistic"
"643805","susținerea actului artistic"
"644586","reducere pana pe 15.06.25"
"644593","Acces permis doar cu carnet de elev sau student vizat la zi"
"644612","reducere pana pe 15.06.25"
"644613","reducere pana pe 15.06.25"
"644617","reducere pana pe 15.06.25"
"644631","reducere pana pe 15.06.25"
"644649","Acces permis doar cu carnet de elev sau student vizat la zi"
"645070","susținerea actului artistic"
"645072","susținerea actului artistic"
"645073","susținerea actului artistic"
"645074","susținerea actului artistic"
"645080","susținerea actului artistic"
"645084","susținerea actului artistic"
"645102","susținerea actului artistic"
"645106","susținerea actului artistic"
"645108","susținerea actului artistic"
"645117","susținerea actului artistic"
"645118","susținerea actului artistic"
"645122","susținerea actului artistic"
"645172","reducere primele bilete"
"645211","reducere pana pe 10.05.2025"
"645305","reducere pana pe 10.05.2025"
"645347","reducere primele bilete"
"646330","reducere primele bilete"
"646869","reducere pana pe 15.06.25"
"646878","reducere pana pe 15.06.25"
"646904","reducere pana pe 15.06.25"
"646909","reducere pana pe 15.06.25"
"646996","reducere primele abonamente"
"647842","reducere primele bilete"
"648095","valabil 2 zile la alegere"
"648097","valabil 3 zile la alegere"
"648577","reducere primele bilete"
"648689","reducere primele bilete"
"648741","reducere primele bilete"
"649284","se poate achizitiona doar pachet intreg pt grup de 6 persoane"
"649286","se poate achizitiona doar pachet intreg pt grup de 6 persoane"
"649682","Accesul celor 5 persoane se face in acelasi timp"
"650277","Reducere primele bilete"
"650289","Reducere pana pe 19.06.25"
"650665","reducere pina pe 31.05.25"
"650666","reducere pina pe 30.06.25"
"650717","reducere primele bilete"
"650719","reducere pana pe 13.06.25"
"651535","reducere pana pe 21.05.25"
"651536","reducere pana pe 21.05.25"
"651538","reducere pana pe 21.05.25"
"652014","reducere pana pe 28.05.25"
"652017","reducere pana pe 28.05.25"
"652021","reducere pana pe 28.05.25"
"652817","Reducere primele bilete"
"653606","reducere primele bilete"
"653608","reducere primele bilete"
"654089","biletul nu asigura loc la masa"
"654888","reducere primele bilete"
"654896","reducere primele bilete"
"655425","reducere pana pe 30.05.25"
"655428","gratuit primele inscrieri"
"655625","reducere primele abonamente"
"656382","reducere primele bilete"
"657303","susținerea actului artistic"
"657304","susținerea actului artistic"
"657305","susținerea actului artistic"
"659090","Oferta 1+1 FREE: adauga in cos multiplu de 2"
"667670","reducere pana pe 30.06.25"
"667677","reducere pana pe 30.06.25"
"667678","reducere pana pe 30.06.25"
"667717","Include: Cină +1 Prosecco si experiența jocului"
"667727","Include: Cină +1 Prosecco si experiența jocului"
"667751","reducere pana pe 31.07.25"
"667775","reducere pana pe 31.07.25"
"667776","reducere pana pe 31.07.25"
"668419","pretul include o bautura"
"668434","pretul include o bautura"
"669198","reducere primele bilete"
"669201","reducere primele bilete"
"669202","reducere primele bilete"
"669205","reducere primele bilete"
"669394","reducere primele abonamente"
"669659","reducere primele bilete"
"669731","Oferta 1+1 FREE: adauga in cos multiplu de 2"
"669795","For our students’ guests: parents, grandparents, siblings, neighbors, friends./Pentru părinții, familia și invitații elevilor noștri."
"669879","reducere primele bilete"
"670299","reducere primele bilete"
"670635","reducere primele abonamente"
"670639","reducere pana la 01.10.2025"
"670640","reducere primele bilete"
"670645","reducere primele bilete"
"670754","reducere pana pe 30 iulie"
"670863","se rezerva pana pe 27 iulie"
"670864","la acces cash 65 lei"
"670868","se rezerva pana pe 27 iulie"
"670907","reducere primele bilete"
"670976","reducere primele bilete"
"671209","reducere primele bilete"
"671381","reducere primele bilete"
"671449","reducere primele bilete"
"671637","reducere primele bilete"
"671771","reducere primele bilete"
"672358","reducere primele abonamente"
"672365","reducere primele abonamente"
"672367","reducere primele bilete"
"672371","reducere primele bilete"
"672381","reducere primele bilete"
"672836","susținerea actului artistic"
"672837","susținerea actului artistic"
"672838","susținerea actului artistic"
"672852","susținerea actului artistic"
"672854","susținerea actului artistic"
"672855","susținerea actului artistic"
"673158","acest bilet NU asigura loc pe scaun"
"673230","susținerea actului artistic"
"673231","susținerea actului artistic"
"673232","susținerea actului artistic"
"673245","susținerea actului artistic"
"673248","susținerea actului artistic"
"673249","susținerea actului artistic"
"673608","Se prezintă actul doveditor la acces"
"673914","reducere primele bilete"
"673967","numar limitat de locuri"
"673971","acest bilet nu asigura loc pe scaun"
"674292","reducere pana pe 14.07.25"
"674294","reducere pana pe 14.07.25"
"674295","reducere pana pe 14.07.25"
"674638","susținerea actului artistic"
"674639","susținerea actului artistic"
"674640","susținerea actului artistic"
"674714","reducere primele bilete"
"675105","reducere primele bilete"
"675393","susținerea actului artistic"
"675400","susținerea actului artistic"
"675404","susținerea actului artistic"
"675470","reducere primele bilete"
"677656","reducere primele bilete"
"677668","reducere primele bilete"
"677691","pretul include o bautura"
"677697","pretul include o bautura"
"679045","varsta peste 21 ani"
"679046","varsta intre 18-21 ani"
"679047","varsta intre 14-18 ani"
"679318","Reducere pentru primele abonamente"
"679443","reducere pana pe 09.10.2025"
"679444","reducere pana pe 09.10.2025"
"679445","reducere pana pe 09.10.2025"
"679505","reducere pana pe 10.10.2025"
"679508","reducere pana pe 10.10.2025"
"679515","reducere pana pe 10.10.2025"
"679959","reducere pana pe 11.10.2025"
"679960","reducere pana pe 11.10.2025"
"679961","reducere pana pe 11.10.2025"
"681242","Accesul celor 2 persoane se face in acelasi timp"
"681315","Pret redus pana miercuri 09.07.25"
"681329","Pret redus pana miercuri 23.07.25"
"681351","Pret redus pana miercuri 06.08.25"
"681363","Pret redus pana miercuri 20.08.25"
"681415","Presale -Pret Redus pana Vineri 27.06"
"681548","reducere primele bilete"
"681549","reducere pana pe 23.10.25"
"681778","locurile sunt in zona cu iarba"
"682102","Presale -Pret Redus pana miercuri 30.07"
"682166","Presale -Pret Redus pana miercuri"
"682173","Presale -Pret Redus pana miercuri"
"683211","reducere pana pe 24.08.2025"
"683229","reducere pana pe 24.08.2025"
"683230","reducere pana pe 24.08.2025"
"683611","Presale -Pret Redus pana miercuri 30.07"
"683643","Presale -Pret Redus pana miercuri 13.08"
"683682","Presale -Pret Redus pana miercuri 02.07"
"683694","Presale -Pret Redus pana miercuri 16.07"
"683708","Presale -Pret Redus pana miercuri 16.07"
"683725","Presale -Pret Redus pana miercuri 23.07"
"683755","Presale -Pret Redus pana miercuri 06.08"
"683800","Presale -Pret Redus pana miercuri"
"683846","redus pana miercuri 15.04.26"
"684165","Acces permis doar cu carnet de elev sau student vizat "
"684467","susținerea actului artistic"
"684874","Oferta 1+1 FREE: adauga in cos multiplu de 2"
"685024","reducere primele bilete"
"685167","Reducere primele bilete"
"685172","Reducere pana pe 26.09.25"
"685343","Presale -Pret Redus pana miercuri 09.07"
"685355","Presale -Pret Redus pana miercuri 23.07"
"685363","Presale -Pret Redus pana miercuri 06.08"
"685373","Presale -Pret Redus pana miercuri 20.08"
"685792","Presale -Pret Redus pana miercuri 23.07"
"685849","Presale -Pret Redus pana miercuri 20.08"
"685876","Presale -Pret Redus pana miercuri 17.09"
"686368","Biletul include : un pahar de Prosecco si rezervarea la masa"
"686462","susținerea actului artistic"
"686466","susținerea actului artistic"
"686470","susținerea actului artistic"
"686549","Biletul include : transport, un pahar de Prosecco si loc rezervat la masa"
"686764","susținerea actului artistic"
"686770","susținerea actului artistic"
"686772","susținerea actului artistic"
"686863","2+1 Gratis"
"686868","2+1 Gratis"
"686869","2+1 Gratis"
"686874","2+1 Gratis"
"686875","2+1 Gratis"
"686876","2+1 Gratis"
"686880","2+1 Gratis"
"686881","2+1 Gratis"
"686882","2+1 Gratis"
"687162","reducere primele bilete"
"687765","reducere primele bilete"
"687793","reducere pana pe 25.07"
"687797","reducere pana pe 25.07"
"688216","susținerea actului artistic"
"688217","susținerea actului artistic"
"688218","susținerea actului artistic"
"688254","susținerea actului artistic"
"688255","susținerea actului artistic"
"688256","susținerea actului artistic"
"688273","susținerea actului artistic"
"688280","susținerea actului artistic"
"688281","susținerea actului artistic"
"689179","reducere primele bilete"
"689180","reducere pana pe 01.08.25"
"689519","reducere primele bilete"
"689520","reducere pana pe 07.11.25"
"689750","Oferta 1+1 FREE: adauga in cos multiplu de 2"
"689849","reducere pana la 31.07.25"
"690194","reducere primele abonamente"
"691760","reducere primele bilete"
"691764","reducere primele bilete"
"691783","reducere primele bilete"
"692040","reducere primele bilete"
"692048","reducere primele bilete"
"692177","varsta intre 18-21 ani"
"692306","Presale -Pret Redus pana miercuri 13.08"
"692521","Reducere primele bilete"
"692606","reducere primele bilete"
"692618","reducere pana pe 22.08.25"
"692985","reducere primele bilete"
"693508","reducere primele bilete"
"694548","reducere primele bilete"
"694579","Presale -Pret Redus pana miercuri"
"694711","NU asigură loc la masă"
"694712","cu loc la masă"
"694745","Biletul includei rezervarea la masa"
"694746","Biletul include : un pahar de Prosecco si loc rezervat la masa"
"695267","Presale -Pret Redus pana miercuri 30.07"
"695279","susținerea actului artistic"
"695320","Pentru copii cu varsta peste 6 ani "
"695321","Pentru copii cu varsta peste 6 ani "
"695325","Pentru copii cu varsta peste 6 ani "
"695339","reducere pana pe 25.08.25"
"695357","reducere pana pe 25.08.25"
"695500","susținerea actului artistic"
"695501","susținerea actului artistic"
"695502","susținerea actului artistic"
"695528","reducere primele bilete"
"695685","Se prezintă actul doveditor la acces"
"695689","Se prezintă actul doveditor la acces"
"696693","reducere pana pe 20.09.25"
"696985","reducere pana pe 25.08.25"
"697618","reducere primele bilete"
"698046","reducere primele bilete"
"698306","reducere primele bilete"
"698576","susținerea actului artistic"
"698578","susținerea actului artistic"
"698582","susținerea actului artistic"
"698728","reducere primele bilete"
"698924","reducere pana pe 31.12"
"698950","reducere primele bilete"
"698959","reducere primele bilete"
"698964","reducere primele bilete"
"700710","reducere primele bilete"
"701013","reducere primele bilete"
"701023","reducere primele bilete"
"701476","reducere primele bilete"
"701887","pretul include o bautura"
"701905","Include: Cină +1🍷 Prosecco si experiența jocului ✅ ULTIMELE 4 locuri 🔥🔥"
"701919","Include: Cină +1 Prosecco si experiența jocului"
"702093","reducere primele bilete"
"702697","reducere pana pe 23.09.2025"
"702699","reducere pana pe 23.09.2025"
"702701","reducere pana pe 23.09.2025"
"703281","reducere primele bilete"
"703701","pe TERASĂ"
"703723","biletul nu asigura loc la masa"
"704404","reducere pana pe 15 septembrie"
"704668","Curs aproximativ 0,69 kr =1 leu"
"704703","reducere primele bilete"
"704788","reducere până pe 9 septembrie"
"704905","reducere primele bilete"
"705392","reducere primele bilete"
"705715","reducere primele bilete"
"705752","Se prezinta carnet la acces"
"705765","reducere primele bilete"
"706103","reducere primele bilete"
"706679","Curs aproximativ 0,69 kr =1 leu"
"706688","Include: Cină +1 Prosecco si experiența jocului"
"707079","cu loc in primele randuri"
"707080","Acces VIP pentru grup de 8 persoane la o canapea, si consumatie inclusa de 100 lei de persoana"
"707081","Acces VIP pentru grup de 12 persoane la o canapea, si consumatie inclusa de 100 lei de persoana"
"707792","reducere primele bilete"
"708462","reducere primele bilete"
"708722","reducere primele bilete"
"708881","reducere primele bilete"
"709207","reducere primele bilete"
"711145","Include: Cină +1🍷 Prosecco si experiența jocului ✅ ULTIMELE 5 locuri 🔥🔥"
"711260","acces pentru 4 persoane"
"711550","Oferta 1+1 FREE: adauga in cos multiplu de 2"
"711627","reducere primele bilete"
"711916","reducere primele bilete"
"711977","reducere primele bilete"
"711979","reducere primele bilete"
"712092","acces pentru 4 persoane"
"712139","reducere primele bilete"
"712196","reducere primele bilete"
"712214","selecteaza buton albastru pentru 3 persoane"
"712215","selecteaza buton verde pe harta"
"712216","NU asigura loc la masa"
"712247","reducere primele bilete"
"712267","reducere primele bilete"
"712723","reducere primele bilete"
"712781","selecteaza buton portocaliu pentru 6 persoane"
"712916","reducere primele bilete"
"712918","reducere primele bilete"
"712942","Se prezintă actul doveditor la acces"
"713000","reducere primele bilete"
"713354","reducere primele bilete"
"713755","reducere primele bilete"
"713872","reduere primele bilete"
"714371","intra 2 pe bilet/se prezinta legitimatie la poarta"
"714375","intra 2 pe bilet/se prezinta legitimatie la poarta"
"714586","reducere primele bilete"
"714978","reducere primele bilete"
"715295","reducere primele bilete"
"715762","redus pana miercuri 28.01.26"
"716635","Oferta 1+1 FREE: adauga in cos multiplu de 2"
"716865","reducere pana pe 12.10.25"
"717046","reducere pana pe 20.10.2025"
"717047","reducere pana pe 20.10.2025"
"717048","reducere pana pe 20.10.2025"
"717103","reducere pana pe 20.10.2025"
"717104","reducere pana pe 20.10.2025"
"717105","reducere pana pe 20.10.2025"
"717212","reducere primele bilete"
"717269","reducere primele bilete"
"717293","reducere primele abonamente"
"717296","reducere primele abonamente"
"717810","reducere primele bilete"
"718019","reducere primele bilete"
"718078","reducere primele bilete"
"718207","se prezinta legitimatie la intrare"
"718411","Include: Cină +1🍷 Prosecco si experiența jocului"
"718412","Include: Cină +1🍷 Prosecco si experiența jocului ✅ ULTIMELE 5 locuri 🔥🔥"
"718540","reducere primele bilete"
"718919","*La acces se prezinta carnetul de elev/student"
"718927","Oferta 1+1 FREE: adauga in cos multiplu de 2"
"718958","reducere primele bilete"
"718987","*La acces se prezinta carnetul de elev/student"
"718989","Oferta 1+1 FREE: adauga in cos multiplu de 2"
"719000","*La acces se prezinta carnetul de elev/student"
"719002","Oferta 1+1 FREE: adauga in cos multiplu de 2"
"719015","*La acces se prezinta carnetul de elev/student"
"719018","Oferta 1+1 FREE: adauga in cos multiplu de 2"
"719033","reducere primele bilete"
"719174","reducere primele bilete"
"719385","reducere primele bilete"
"719702","Oferta 1+1 FREE: adauga in cos multiplu de 2"
"720262","reducere primele bilete"
"720281","*La acces se prezinta carnetul de elev/student"
"720294","adauga in cos multiplu de 4"
"720336","Include: Cină +1🍷 Prosecco si experiența jocului"
"720338","Include: Cină +1🍷 Prosecco si experiența jocului"
"720416","reducere primele bilete"
"720441","reducere primele bilete"
"720472","reducere primele bilete"
"720494","*La acces se prezinta carnetul de elev/student"
"720513","reducere primele bilete"
"720664","reducere primele bilete"
"720666","se adauga in cos multiplu de 2"
"720683","reducere primele bilete"
"720685","se adauga in cos multiplu de 2"
"720743","reducere primele bilete"
"720848","reducere primele bilete"
"721296","NU asigura loc la masa"
"721298","selecteaza buton verde pe harta"
"721304","selecteaza buton pentru 2 persoane"
"721305","selecteaza buton pentru 3 persoane"
"721306","selecteaza buton pentru 6 persoane"
"721322","NU asigura loc la masa"
"721517","reducere primele bilete"
"721789","+ o jucarie noua"
"721792","+ o jucarie noua"
"721793","+ o jucarie noua"
"721851","For our students’ guests: parents, grandparents, siblings, neighbors, friends./Pentru părinții, familia și invitații elevilor noștri"
"721985","reducere primele bilete"
"722206","reducere primele bilete"
"722207","reducere primele bilete"
"722349","reducere primele bilete"
"722358","Se prezintă actul doveditor la acces"
"722372","Se prezintă actul doveditor la acces"
"722373","reducere primele bilete"
"722400","Se prezintă actul doveditor la acces"
"722401","reducere primele bilete"
"722523","reducere pana pe 22.10.25"
"722526","reducere pana pe 22.10.25"
"723025","reducere primele bilete"
"723076","reducere primele bilete"
"723917","reducere primele bilete"
"723986","reducere primele bilete"
"723996","reducere primele bilete"
"724025","Oferta 1+1 FREE: adauga in cos multiplu de 2"
"724409","reducere primele bilete"
"724420","reducere primele bilete"
"724603","reducere primele bilete"
"724668","Se prezintă actul doveditor la acces"
"724696","bilete zona B"
"724697","bilete zona A"
"724698","bilete zona canapele"
"724875","reducere primele bilete"
"724884","reducere primele bilete"
"724902","reducere primele bilete"
"725130","reducere primele bilete"
"725195","Se prezintă actul doveditor la acces"
"725377","reducere pana pe 16.11.25"
"725399","reducere pana pe 22.10.25"
"726245","reducere primele bilete"
"728724","loc in picioare"
"728725","masa la balcon (min. 2p )"
"728729","masa in fata scenei (min. 2p )"
"728733","2 Bilete VIP + Meet & Greet + poza Elvis Presley Tribute + Open Bar + 1h la Afterparty + Platouri reci/ calde premium cu branzeturi / mezeluri / fructe de mare"
"728934","loc la masa"
"728935","loc la masa, la balcon"
"728937","loc la masa, în fata scenei"
"728938","2 bilete VIP +Meet & Greet +poza Jazzy Jo & Band+ Open Bar +1h la Afterparty +Platouri reci/calde premium cu branzeturi /mezeluri /fructe de mare"
"729013","se pun in cos min 8 bilete"
"729014","se pun in cos min 4 bilete"
"729053","reducere primele abonamente"
"729069","Biletul este per persoană și este valabil pentru întreaga perioadă a festivalului."
"729074","Biletul este per persoană și este valabil pentru întreaga perioadă a festivalului."
"730120","reducere primele bilete"
"730770","reducere primele bilete"
"730792","reducere primele bilete"
"731107","reducere primele bilete"
"731464","reducere primele bilete"
"733497","reducere primele bilete"
"733502","Se prezintă actul doveditor la acces"
"733523","Include: Cină +1🍷 Prosecco si experiența jocului"
"733524","Include: Cină +1🍷 Prosecco si experiența jocului"
"733542","Se prezintă actul doveditor/ Accesul celor 2 persoane se face in acelasi timp"
"733748","reducere primele bilete"
"733750","Se prezintă actul doveditor la acces"
"733776","Curs aproximativ 0,69 kr =1 leu"
"734271","locuri la mesele din față"
"734458","reducere primele abonamente"
"734584","Oferta 1+1 FREE: adauga in cos multiplu de 2"
"734699","reducere primele bilete"
"735144","reducere pana pe 15 noiembrie"
"735163","sub 10 ani acces gratuit"
"735347","pana pe 13 octombrie ora 18"
"735566","Se prezintă actul doveditor la acces"
"736387","2 Bilete VIP + Meet & Greet  artist cu poza + Open buffet dedicat (într-o sală separată cu o oră înainte de concert) +O sticlă de prosecco/ wine"
"736396","2 Bilete Cat.1 cu u acces serviciu la masa+ Meet & Greet cu poze artist + Open Bar dedicat+ Platouri reci / calde premium cu branzeturi / mezeluri / fructe de mare"
"736398","cu loc in primele randuri"
"736410","se pun in cos bilete multiplu de 2pers"
"736418","preț EarlyBird-reducere primele bucati"
"736555","preț EarlyBird-reducere primele bucati"
"736592","2 Bilete VIP+ Meet&Greet cu poze artist + Open Bar +1h la Afterparty+ Platouri reci/ calde premium cu branzeturi / mezeluri / fructe de mare"
"737037","reducere primele bilete"
"737840","Oferta 1+1 FREE: adauga in cos multiplu de 2"
"738005","reducere primele bilete"
"738049","Pachetul VIP include: Meet & Greet the Artist + 1 Sticlă de Prosecco/ Wine"
"738050","Scaune, locuri cu vizibilitate"
"738051","scaune, locuri in spate cu vizibilitate"
"738251","*La acces se prezinta carnetul de elev/student"
"738252","Oferta 1+1 FREE: adauga in cos multiplu de 2"
"738268","*La acces se prezinta carnetul de elev/student"
"738269","Oferta 1+1 FREE: adauga in cos multiplu de 2"
"738299","reducere primele bilete"
"738301","reducere primele bilete"
"738514","reducere primele bilete"
"738530","reducere primele bilete"
"738548","reducere primele bilete"
"738570","reducere primele bilete"
"738592","reducere primele bilete"
"738879","reducere primele bilete"
"738880","reducere primele bilete"
"738898","reducere primele bilete"
"738904","adauga in cos multiplu de 3"
"739218","reducere primele bilete"
"739330","biletul nu asigura loc la masa"
"739387","loc la masa, în fata scenei"
"739388","loc la masa, la balcon"
"739389","loc in picioare"
"739403","include 2 Bilete VIP+ Meet & Greet + Open Bar + 1h la Afterparty + Platouri reci/ calde premium cu branzeturi / mezeluri / fructe de mare"
"739773","reducere pana pe 13 noiembrie"
"740622","reducere primele bilete"
"740903","reducere primele bilete"
"742705","reducere primele bilete"
"742762","reducere primele bilete"
"742792","reducere primele bilete"
"742793","reducere primele bilete"
"742817","reducere primele bilete"
"743048","reducere primele bilete"
"743049","se adauga in cos multiplu de 2"
"743078","reducere primele bilete"
"743079","se adauga in cos multiplu de 2"
"743091","reducere primele bilete"
"743099","se adauga in cos multiplu de 2"
"743427","La acces se prezinta carnet de elev"
"743437","*La acces se prezinta carnetul de student"
"743440","reducere pana pe 01.12.2025"
"743447","Se prezinta la acces carnet de elev"
"743471","Se prezinta la acces carnet de student"
"743710","reducere primele bilete"
"744232","NU asigura loc la masa"
"744244","selecteaza buton albastru pe harta"
"744245","selecteaza buton pentru 2 persoane"
"744256","selecteaza buton pentru 3 persoane"
"744260","selecteaza buton pentru 6 persoane"
"744346","reducere primele bilete"
"744384","reducere primele bilete"
"745201","Mese fără vizibilitate spre scenă, dar cu audiție clară"
"745202","Mese cu vizibilitate directă spre „scenă”"
"745216","Mese cu vizibilitate directă spre „scenă”"
"745223","Mese fără vizibilitate spre scenă, dar cu audiție clară"
"745360","*La acces se prezinta carnetul de elev/student"
"745361","reducere primele bilete"
"745370","se adauga in cos multiplu de 2"
"745475","grup peste 4 persoane"
"745519","*La acces se prezinta carnetul de elev/student"
"745523","reducere primele bilete"
"745526","se adauga in cos multiplu de 2"
"746188","Loc in picioare"
"746223","reducere primele bilete"
"746293","reducere primele bilete"
"746782","reducere primele bilete"
"748605","reducere primele bilete"
"748789","reducere primele bilete"
"748799","minim 2 pers. "
"748800","minim 2 pers. "
"748801","bilet fără loc"
"748812","2 Bilete VIP+ Meet&Greet cu poze artist + Open Bar +1h la Afterparty+ Platouri reci/ calde românești"
"748831","reducere primele bilete"
"748835","la acces se prezinta act doveditor"
"748897","minim 2 pers. "
"748898","minim 2 pers. "
"748900","bilet fără loc"
"750429","reducere primele bilete"
"750454","Include: Cină +1🍷 Prosecco si experiența jocului"
"750468","Include: Cină +1🍷 Prosecco si experiența jocului"
"751296","Fără loc la masă"
"753748","+ o jucarie noua"
"753752","+ o jucarie noua"
"753753","+ o jucarie noua"
"753754","+ o jucarie noua"
"753851","reducere până pe 7 decembrie"
"753860","reducere până pe 7 decembrie"
"753862","reducere până pe 7 decembrie"
"754398","reducere pana pe 20 ian"
"754877","reducere pana pe 30.11.25"
"755154","reducere pana pe 30.11.25"
"755543","grup peste 4 persoane"
"755552","grup peste 4 persoane"
"755665","reducere primele bilete"
"755851","Biletul nu asigura loc la masa"
"755859","Biletul nu asigura loc la masa"
"755970","reducere primele bilete"
"757848","Include: mâncarea, băuturile, toate activitățile, momentele speciale și experiența completa. Reducere până pe 11.12"
"757852","Include: mâncarea, băuturile, toate activitățile, momentele speciale și experiența completa"
"758367","Reducere primele bilete"
"758370","Disponibile la acces!"
"758383","Reducere primele bilete"
"758390","Număr limitat - Disponibile doar la acces!"
"758398","Reducere primele bilete"
"758404","Reducere primele bilete"
"758447","Reducere primele bilete"
"758463","Reducere primele bilete"
"758469","Reducere primele bilete"
"758511","Reducere primele bilete"
"758523","loc în picioare"
"758524","loc în picioare"
"758525","loc în picioare"
"758534","Reducere primele bilete"
"758543","Reducere primele bilete"
"758563","Reducere primele bilete"
"758580","Reducere primele bilete"
"758593","Reducere primele bilete"
"758876","reducere pana pe 07.01.2026"
"758893","reducere pana pe 07.01.2026"
"758894","reducere pana pe 07.01.2026"
"758986","reducere pana pe 11.01.2026"
"758987","reducere pana pe 11.01.2026"
"758988","reducere pana pe 11.01.2026"
"759088","reducere pana pe 14.01.2026"
"759089","reducere pana pe 14.01.2026"
"759095","reducere pana pe 14.01.2026"
"759287","reducere pana pe 14.12.25"
"759401","reducere primele bilete"
"759920","reducere pana pe 14.02.2026"
"759924","reducere pana pe 14.02.2026"
"759925","reducere pana pe 14.02.2026"
"759928","reducere pana pe 14.02.2026"
"760071","reducere pana pe 15 februarie 2026"
"760072","reducere pana pe 15 februarie 2026"
"760073","reducere pana pe 15 februarie 2026"
"760162","*la acces se prezinta carnet elev/student"
"760221","*la acces se prezinta carnet elev/student"
"760355","*la acces se prezinta carnet elev/student"
"760408","reducere pana pe 21.01.2026"
"760409","reducere pana pe 21.01.2026"
"760414","reducere pana pe 21.01.2026"
"760453","reducere primele bilete"
"760949","reducere pana pe 31.12.2025"
"760950","reducere pana pe 31.12.2025"
"760951","reducere pana pe 31.12.2025"
"761205","reducere primele bilete"
"762063","reducere primele bilete"
"763498","fără loc la masă"
"763503","cu loc la masă și platou finger food"
"763610","reducere primele bilete"
"764667","Include: mâncarea, băuturile, toate activitățile, momentele speciale și experiența completa. Reducere până pe 21.12"
"764668","Include: mâncarea, băuturile, toate activitățile, momentele speciale și experiența completa. Reducere până pe 21.12"
"764672","Include: mâncarea, băuturile, toate activitățile, momentele speciale și experiența completa"
"764847","reducere primele bilete"
"764979","Oferta 1+1 FREE: adauga in cos multiplu de 2"
"765096","reducere primele bilete"
"765964","reducere primele bilete"
"766006","Se prezintă actul doveditor la acces"
"766010","Se prezintă actul doveditor la acces"
"766018","Se prezintă actul doveditor la acces"
"766022","Se prezintă actul doveditor la acces"
"766026","Se prezintă actul doveditor la acces"
"767557","Pachet 2 abonamente.Oferta valabila pana pe 24.12.25"
"767650","Oferta valabila pana pe 24.12.25"
"768847","reducere primele bilete"
"769343","reducere primele bilete"
"769344","reducere primele bilete"
"769346","reducere primele bilete"
"769892","reducere pana pe 30.05.26"
"769895","reducere pana pe 30.05.26"
"769896","reducere pana pe 30.05.26"
"769897","reducere pana pe 30.05.26"
"770089","reducere pana pe 08.01.26"
"770434","pret redus pana pe 15.01"
"770844","reducere pana pe 08.01.26"
"771289","reducere pana pe 15.02.26"
"771290","reducere pana pe 01.03.26"
"771669","numar limitat de locuri"
"774270","adauga in cos 4 bucati"
"774275","adauga in cos 6 bucati"
"774283","adauga in cos 6 bucati"
"774284","adauga in cos 5 bucati"
"774285","adauga in cos 4 bucati"
"776429","acces 3 zile la festival+ acces backstage, cina tradițională alături de staff si artiști, socializare cu artiștii, acces gratuit Băile Figa"
"777483","reducere primele bilete"
"777611","Fără loc la masă. Se adauga in cos multiplu de 5."
"777740","reducere primele bilete"
"777741","reducere primele bilete"
"777927","reducere pana pe 13.01.26"
"777931","reducere pana pe 13.01.26"
"777935","reducere pana pe 13.01.26"
"778016","reducere primele bilete"
"778042","reducere primele bilete"
"778409","reducere primele bilete"
"778419","reducere pana pe 05.01.26"
"778464","reducere pana pe 10.01.26"
"779151","Pretul afisat este pentru un singur bilet si este valabil pentru achizitia a minim 4 bilete."
"779154","Pretul afisat este pentru un singur bilet si este valabil pentru achizitia a minim 4 bilete."
"779188","reducere primele bilete"
"779316","Pretul afisat este pentru un singur bilet si este valabil pentru achizitia a minim 4 bilete."
"779337","Pretul afisat este pentru un singur bilet si este valabil pentru achizitia a minim 4 bilete."
"779349","Pretul afisat este pentru un singur bilet si este valabil pentru achizitia a minim 4 bilete."
"779351","Pretul afisat este pentru un singur bilet si este valabil pentru achizitia a minim 4 bilete."
"780632","grup peste 4 persoane"
"781653","reducere primele bilete"
"782240","Include: 1🍷 Prosecco si experiența jocului+ acces after party"
"782244","Include: 1🍷 Prosecco si experiența jocului+ acces after party"
"782251","Acces începând cu ora 22:30"
"782283","Acces începând cu ora 22:30"
"782360","reducere primele bilete"
"782369","reducere pana pe 26.01.26"
"782938","reducere primele bilete"
"783374","reducere primele bilete"
"785626","reducere pana pe 25.01.2026"
"785627","reducere pana pe 25.01.2026"
"785628","reducere pana pe 25.01.2026"
"785749","reducere primele bilete"
"785827","Se adauga in cos multiplu de 4"
"785978","reducere primele bilete"
"786797","reducere primele bilete"
"786834","reducere"
"787381","reducere primele bilete"
"787534","reducere pana pe 24.01.26"
"787600","reducere pana pe 01.02.26"
"787613","reducere pana pe 01.02.26"
"787614","reducere pana pe 01.02.26"
"788354","reducere primele bilete"
"788419","Pretul afisat este pentru un singur bilet si este valabil pentru achizitia a minim 4 bilete."
"788483","reducere până pe 07 martie"
"788554","reducere primele bilete"
"789160","reducere primele bilete"
"790133","reducere pana pe 09.02.2026"
"790134","reducere pana pe 09.02.2026"
"790135","reducere pana pe 09.02.2026"
"790168","reducere primele bilete"
"791897","acces conferinta + carte „Evoluția Sufletului Întrupat"""
"791898","acces conferinta + 2 carti + bonus curs „Înțelepciunea Legilor Universale"""
"792074","reducere primele bilete"
"792159","reducere pana pe 24 aprilie 2026"
"792164","reducere pana pe 24 aprilie 2026"
"792167","reducere pana pe 24 aprilie 2026"
"792590","acces la spectacol+petrecere"
"792618","acces la spectacol+petrecere"
"792714","reducere primele abonamente"
"792763","reducere primele bilete"
"792786","Oferta 1+1 FREE: adauga in cos multiplu de 2"
"792903","reducere pana pe 25 martie 2026"
"792904","reducere pana pe 25 martie 2026"
"792905","reducere pana pe 25 martie 2026"
"793604","Pretul afisat este pentru un singur bilet si este valabil pentru achizitia a minim 4 bilete."
"793614","Pretul afisat este pentru un singur bilet si este valabil pentru achizitia a minim 4 bilete."
"793839","include acces spectacol si meniu: Aperitiv+ Fel principal+Desert +Bauturi non-alcoolice"
"794023","loc în picioare"
"794024","loc în picioare"
"794026","loc în picioare"
"794036","reducere primele bilete"
"794322","reducere primele abonamente"
"795426","reducere primele bilete"
"795766","reducere primele bilete"
"796069","Reducere primele bilete"
"797037","reducere primele bilete"
"797478","reducere primele bilete"
"797488","reducere primele bilete"
"797544","reducere primele bilete"
"797548","reducere primele bilete"
"797725","reducere primele bilete"
"799446","reducere primele bilete"
"799496","reducere pana pe 21.02.2026"
"799497","reducere pana pe 21.02.2026"
"799498","reducere pana pe 21.02.2026"
"799602","reducere pana pe 26.03.2026"
"799603","reducere pana pe 26.03.2026"
"799605","reducere pana pe 26.03.2026"
"799676","reducere pana pe 09.02.2026"
"799680","reducere pana pe 09.02.2026"
"799687","reducere pana pe 09.02.2026"
"800101","reducere primele bilete"
"800475","reducere primele bilete"
"800495","reducere primele bilete"
"800502","reducere primele bilete"
"800505","reducere primele bilete"
"800782","reducere primele bilete"
"800810","reducere primele bilete"
"800824","Se prezintă actul doveditor/ Accesul celor 2 persoane se face in acelasi timp"
"800909","reducere abonamente"
"801025","reducere speciala pana pe 30.01"
"801050","reducere primele bilete"
"801252","Ultimele 2 bilete ! Include: 1🍷 Prosecco si experiența jocului"
"801272","Ultimele 2 bilete ! Include: 1🍷 Prosecco si experiența jocului"
"801511","fara loc pe scaun in zona din spatele sectoarelor B1 si B2"
"801939","reducere primele bilete"
"802052","acces la spectacol+petrecere"
"802068","acces la spectacol+petrecere"
"802075","acces la spectacol+petrecere"
"802086","acces la spectacol+petrecere"
"802101","acces la spectacol+petrecere"
"802132","acces la spectacol+petrecere"
"802159","acces la spectacol+petrecere"
"802165","acces la spectacol+petrecere"
"802198","acces la spectacol+petrecere"
"802209","acces la spectacol+petrecere"
"802386","reducere primele bilete"
"802691","reducere pana pe 20.02 in limita stocului"
"802694","reducere primele bilete"
"803252","reducere primele abonamente"
"803723","reducere pana pe 15.02.26"
"803916","reducere primele bilete"
"805868","reducere pana pe 28.02.26"
"807356","reducere până pe 01.04.2026"
"807774","reducere primele bilete"
"808316","reducere primele bilete"
"808324","reducere pana pe 05.03.26"
"808624","reducere primele bilete"
"808625","reducere primele bilete"
"808688","Pretul afisat este pentru un singur bilet si este valabil pentru achizitia a minim 4 bilete."
"808733","reducere pana pe 25 martie 2026"
"808738","reducere pana pe 25 martie 2026"
"808739","reducere pana pe 25 martie 2026"
"810086","reducere primele bilete"
"810439","Pretul afisat este pentru un singur bilet si este valabil pentru achizitia a minim 4 bilete."
"810451","Pretul afisat este pentru un singur bilet si este valabil pentru achizitia a minim 4 bilete."
"810484","Oferta 1+1 FREE: adauga in cos multiplu de 2"
"810525","Oferta 1+1 FREE: adauga in cos multiplu de 2"
"810785","Reducere primele bilete"
"810930","la acces se prezinta carnet student/elev"
"810931","adauga in cos multiplu de 2"
"810936","adauga in cos multiplu de 2: se prezinta carnet elev/student la acces"
"811329","reducere pana la 01.03.2026"
"811500","Reducere primele bilete"
"811510","Reducere pana pe 19.03 in limita locurilor disponibile"
"811740","Reducere primele bilete"
"811750","Reducere pana pe 18.03.26 in limita locurilor disponibile"
"812144","acest bilet NU asigura loc pe scaune"
"812204","Include: 1🍷 Prosecco * experiența jocului și petrecerea"
"812217","Include: 1🍷 Prosecco * experiența jocului și petrecerea"
"812415","reducere primele bilete"
"812566","Pretul afisat este pentru un singur bilet si este valabil pentru achizitia a minim 4 bilete."
"812570","Pretul afisat este pentru un singur bilet si este valabil pentru achizitia a minim 4 bilete."
"814198","reducere primele bilete"
"814369","Pretul afisat este pentru un singur bilet si este valabil pentru achizitia a minim 4 bilete."
"814565","Reducere primele bilete"
"814580","Se adauga in cos multiplu de 10"
"814732","Pretul afisat este pentru un singur bilet si este valabil pentru achizitia a minim 4 bilete."
"814750","Pretul afisat este pentru un singur bilet si este valabil pentru achizitia a minim 4 bilete."
"815423","acces la spectacol+petrecere"
"815425","acces la spectacol+petrecere"
"815430","acces la spectacol+petrecere"
"816105","reducere pana pe 02.03.2026"
"816111","reducere pana pe 02.03.2026"
"816123","reducere pana pe 02.03.2026"
"816944","reducere primele bilete"
"817049","reducere primele bilete"
"818340","reducere primele abonamente"
"819480","acest bilet Nu asigura loc la masa"
"820386","Reducere primele bilete"
"820396","Se adauga in cos multiplu de 10 "
"820888","la acces se prezinta act doveditor"
"820895","reducere pana pe 08 martie"
"821115","locuri in capatul salii"
"821140","Pretul afisat este per bilet. Adauga in cos multiplu de 2"
"821170","reducere pana pe 31.03.26"
"821376","reducere primele bilete"
"821489","reducere primele bilete"
"821869","reducere pana pe 01.03.26"
"821876","reducere pana pe 01.03.26"
"821878","reducere pana pe 01.03.26"
"822095","reducere pana pe 22 aprilie 2026"
"822099","reducere pana pe 22 aprilie 2026"
"822109","reducere pana pe 22 aprilie 2026"
"822177","reducere primele abonamente"
"822181","reducere primele bilete"
"822262","reducere pana pe 23 aprilie 2026"
"822263","reducere pana pe 23 aprilie 2026"
"822272","reducere pana pe 23 aprilie 2026"
"822596","reducere primele bilete"
"822620","reducere primele bilete"
"822629","reducere primele bilete"
"823438","acest bilet Nu asigura loc la masa"
"823996","Reducere primele bilete"
"824246","reducere primele bilete"
"825873","la acces se prezinta act doveditor"
"825878","reducere primele bilete"
"826015","Pretul afisat este pentru un singur bilet si este valabil pentru achizitia a minim 4 bilete."
"826040","Pretul afisat este pentru un singur bilet si este valabil pentru achizitia a minim 4 bilete."
"826647","reducere primele abonamente"
"826652","Include: lounge dedicat, tur backstage, cocktail bar, selecție de băuturi premium, cafea de specialitate, after party exclusiv, intrare separată și parcare dedicată."
"826872","reducere primele bilete"
"826950","reducere pana pe 08.03.26"
"826952","reducere pana pe 08.03.26"
"826956","reducere pana pe 08.03.26"
"826990","Reducere primele bilete"
"827393","Reducere primele bilete"
"827397","Se adauga in cos multiplu de 10 "
"827594","reducere pana pe 15.03.26"
"827599","reducere pana pe 15.03.26"
"827601","reducere pana pe 15.03.26"
"827976","reducere pana pe 24 martie 2026"
"827982","reducere pana pe 24 martie 2026"
"827983","reducere pana pe 24 martie 2026"
"828094","Pretul afisat este pentru un singur bilet si este valabil pentru achizitia a minim 4 bilete."
"828096","Pretul afisat este pentru un singur bilet si este valabil pentru achizitia a minim 4 bilete."
"828102","Pretul afisat este pentru un singur bilet si este valabil pentru achizitia a minim 4 bilete."
"828104","Pretul afisat este pentru un singur bilet si este valabil pentru achizitia a minim 4 bilete."
"828203","Include: lounge dedicat, tur backstage, cocktail bar, selecție de băuturi premium, cafea de specialitate, after party exclusiv, intrare separată și parcare dedicată."
"828218","atentie necesita Camping Pass pentru fiecare persoana"
"828219","atentie necesita Camping Pass pentru fiecare persoana"
"828220","atentie necesita Camping Pass pentru fiecare persoana"
"828221","atentie necesita Camping Pass pentru fiecare persoana"
"828222","atentie necesita Camping Pass pentru fiecare persoana"
"828494","Reducere primele bilete"
"829020","reducere primele bilete"
"829021","reducere primele bilete"
"829023","reducere primele bilete"
"829024","reducere primele bilete"
"829025","reducere primele bilete"
"829026","reducere primele bilete"
"829027","reducere primele bilete"
"829028","reducere primele bilete"
"829095","reducere primele bilete"
"829685","cu loc la masa"
"829691","cu loc la masa"
"829744","reducere primele bilete"
"829904","reducere primele bilete"
"830410","acces la spectacol+petrecere"
"830418","acces la spectacol+petrecere"
"830425","acces la spectacol+petrecere"
"831356","la acces se prezinta act doveditor"
"831421","reducere primele bilete"
"831677","include 1 pahar spumant"
"831685","2 Bilete + Vin / Spumant din Cramele Proprii + Desert Pretul afisat este pentru un singur bilet."
"831738","include 1 pahar spumant"
"831746","2 Bilete + Vin / Spumant din Cramele Proprii + Desert Pretul afisat este pentru un singur bilet."
"831752","2 Bilete + Vin / Spumant din Cramele Proprii + Desert Pretul afisat este pentru un singur bilet."
"832792","reducere pana pe 14.04.26"
"832795","reducere pana pe 14.04.26"
"832800","reducere pana pe 14.04.26"
"832965","Pentru tineri cu varsta de pana la 18 ani!"
"832981","reducere primele bilete"
"833039","reducere primele bilete"
"833146","redus pana miercuri 01.04.26"
"833680","la acces se prezinta act doveditor"
"833687","reducere valabila in zilele 6, 7 si 8 martie"
"833777","reducere primele bilete"
"834807","reducere primele bilete"
"835019","acces la spectacol+petrecere"
"835113","acces la spectacol+petrecere"
"835161","acces la spectacol+petrecere"
"835908","Pretul afisat este pentru un singur bilet si este valabil pentru achizitia a minim 4 bilete."
"835935","Pretul afisat este pentru un singur bilet si este valabil pentru achizitia a minim 4 bilete."
"836668","reducere primele bilete"
"836965","Reducere primele bilete"
"837121","reducere primele bilete"
"839225"," reducere pana pe 15.03.26"
"839226","  pe baza carnetul de elev/student vizat pentru anul in curs"
"839520","reducere primele abonamente"
"839533","reducere pana 01.07.26"
"839698","Include: acces + 1🍷 Prosecco + DJ & MC entertainment + experiența Suspecți la Brunch"
"839703","Include: acces + 1🍷 Prosecco + DJ & MC entertainment + experiența Suspecți la Brunch"
"840458","Include: 1🍷 Prosecco si experiența jocului"
"840469","Include: 1🍷 Prosecco si experiența jocului"
"840470","Include: 1🍷 Prosecco si experiența jocului"
"840474","Include: 1🍷 Prosecco si experiența jocului"
"841459","reducere primele bilete"
"841467","reducere primele bilete"
"841500","reducere primele bilete"
"841870","reducere pana pe 31.03.26"
"842911","Se prezintă actul doveditor la acces"
"842912","reducere primele bilete"
"842914","Se prezintă actul doveditor la acces"
"842917","reducere primele bilete"
"842983","Se prezintă actul doveditor la acces"
"842985","reducere primele bilete"
"842991","Se prezintă actul doveditor la acces"
"842992","reducere primele bilete"
"843065","Se prezintă actul doveditor la acces"
"843066","reducere primele bilete"
"843071","Se prezintă actul doveditor la acces"
"843074","reducere primele bilete"
"843081","Se prezintă actul doveditor la acces"
"843083","reducere primele bilete"
"843085","Se prezintă actul doveditor la acces"
"843086","reducere primele bilete"
"843437","acces la spectacol+petrecere"
"843471","acces la spectacol+petrecere"
"843503","acces la spectacol+petrecere"
"843540","2 Bilete + Vin / Spumant din Cramele Proprii + Desert Pretul afisat este pentru un singur bilet."
"843566","2 Bilete + Vin / Spumant din Cramele Proprii + Desert Pretul afisat este pentru un singur bilet."
"843591","2 Bilete + Vin / Spumant din Cramele Proprii + Desert Pretul afisat este pentru un singur bilet."
"843679","reducere primele bilete"
"844298","reducere primele bilete"
"844459","reducere primele bilete"
"844941","Include: 1🍷 Prosecco + cina si cursul de automachiaj"
"844994","reducere primele bilete"
"844998","adauga in cos multiplu de 2"
"845365","6 bilete la pret de 5"
"845397","Oferta 1+1 FREE: adauga in cos multiplu de 2"
"845727","Include: 1🍷 Prosecco * experiența jocului și petrecerea"
"845728","Include: 1🍷 Prosecco * experiența jocului și petrecerea"
"845746","6 bilete la pret de 5"
"845788","2 Bilete + Vin / Spumant din Cramele Proprii + Desert Pretul afisat este pentru un singur bilet."
"845799","2 Bilete + Vin / Spumant din Cramele Proprii + Desert Pretul afisat este pentru un singur bilet."
"846357","reducere pana pe 15.04.26"
"846408","reducere pana pe 22.04.26"
"846457","reducere pana pe 29.04.26"
"846466","reducere pana pe 13.05.26"
"846496","reducere pana pe 27.05.26"
"846532","reducere pana pe 29.04.26"
"846546","reducere pana pe 20.05.26"
"846557","reducere pana pe 27.05.26"
"846567","reducere pana pe 06.05.26"
"846826","reducere primele bilete"
"846850","reducere primele bilete"
"848258","Pretul afisat este pentru un singur bilet si este valabil pentru achizitia a minim 4 bilete."
"848502","reducere primele bilete"
"848536","reducere pana pe 01.06.2026"
"848547","reducere pana pe 01.06.2026"
"848838","reducere pana pe 25.03.26"
"848892","2 Bilete + Vin / Spumant din Cramele Proprii + Desert. Pretul afisat este pentru un singur bilet."
"849290","Include: acces + 1🍷 Prosecco + DJ & MC entertainment + experiența Suspecți la Brunch"
"849302","Include: acces + 1🍷 Prosecco + DJ & MC entertainment + experiența Suspecți la Brunch"
"850061","Pretul afisat este pentru un singur bilet si este valabil pentru achizitia a minim 4 bilete."
"850164","Pretul afisat este pentru un singur bilet si este valabil pentru achizitia a minim 4 bilete."
"850169","Pretul afisat este pentru un singur bilet si este valabil pentru achizitia a minim 4 bilete."
"850217","Pretul afisat este pentru un singur bilet si este valabil pentru achizitia a minim 4 bilete."
"850796","asigura loc la masa"
"850800","asigura loc la masa"
"850801","fara loc la masa"
"851373","Oferta 1+1 :adauga in cos multiplu de 2"
"851513","reducere pana la 11.04.26"
"851542","reducere pana la 30.04.26"
